rmse,mse,mae,r2
156.22369782934717,24405.843763475175,104.31255771140131,0.8698003704764847
